d2021,d2020,d2019,d2018,d2017,industry,coding,title,market_value,returns_ratio,min_callshares
14216,17234,15379,14768,14452,水産・農林業,1332,日本水産(株),"201,518",1.47,"64,500"
15446,16102,16695,12537,5778,水産・農林業,1333,マルハニチロ(株),"136,539",1.54,"259,300"
6437,11504,25711,15220,24205,建設業,1417,(株)ミライト・ホールディングス,"237,449",2.28,"219,200"
46168,40362,96106,123550,－111699,鉱業,1605,(株)ＩＮＰＥＸ,"1,390,670",4.21,"95,100"
26277,23862,8862,16803,17189,建設業,1719,安藤ハザマ,"154,064",3.90,"76,900"
13691,16118,15504,14903,2647,建設業,1720,東急建設(株),"86,370",4.94,"80,900"
14485,20390,28018,25994,29369,建設業,1721,コムシスホールディングス(株),"405,093",3.31,"287,300"
12331,12583,10832,8606,10080,建設業,1766,東建コーポレーション(株),"127,041",2.65,"943,000"
90566,126788,112571,122087,92554,建設業,1801,大成建設(株),"816,207",3.58,"363,500"
94501,92662,113155,113093,98780,建設業,1802,(株)大林組,"699,143",3.30,"96,900"
98946,84978,99668,98977,77176,建設業,1803,清水建設(株),"675,757",2.68,"85,700"
58762,72289,87391,59851,48258,建設業,1808,(株)長谷工コーポレーション,"446,980",4.71,"148,600"
104857,126778,109839,103242,98522,建設業,1812,鹿島,"759,150",3.76,"143,600"
19210,16914,18784,18721,17166,建設業,1820,西松建設(株),"189,011",5.44,"340,000"
17035,20723,18828,15550,8743,建設業,1821,三井住友建設(株),"80,035",4.07,"49,200"
42091,25455,25595,25845,19735,建設業,1860,戸田建設(株),"237,153",2.72,"73,500"
16433,15783,13312,19447,17925,建設業,1861,(株)熊谷組,"131,103",4.28,"280,100"
82168,87829,89930,90380,62285,建設業,1878,大東建託(株),"938,676",3.47,"1,362,000"
28518,26610,25514,23594,31068,建設業,1881,(株)ＮＩＰＰＯ,"481,786",0.00,"403,500"
15271,17826,18899,23352,20993,建設業,1893,五洋建設(株),"221,375",2.97,"77,400"
34532,30135,29160,27853,30398,建設業,1911,住友林業(株),"422,321",3.33,"209,900"
201700,236357,237439,233603,195076,建設業,1925,大和ハウス工業(株),"2,479,739",3.39,"372,200"
121853,133224,128582,141256,123542,建設業,1928,積水ハウス(株),"1,590,177",3.79,"232,250"
17591,19058,19703,22515,20147,建設業,1942,(株)関電工,"184,349",3.12,"89,800"
13789,17993,40219,15603,24192,建設業,1951,エクシオグループ(株),"311,849",3.32,"264,700"
22297,25296,26691,26245,25042,建設業,1959,(株)九電工,"251,925",2.81,"355,500"
－22057,16589,24005,4117,5141,建設業,1963,日揮ホールディングス(株),"287,345",1.35,"110,800"
6549,7357,8885,9422,15745,情報・通信,1973,ＮＥＣネッツエスアイ(株),"306,258",1.85,"205,100"
19466,21339,22268,22407,19011,食料品,2002,(株)日清製粉グループ本社,"545,105",2.18,"179,100"
59867,41788,26521,10760,15692,サービス業,2121,(株)ミクシィ,"208,172",4.13,"266,100"
6174,8146,8867,10273,11415,サービス業,2127,(株)日本Ｍ＆Ａセンターホールディングス,"1,179,632",0.51,"350,500"
2033,3534,4968,4509,4299,サービス業,2146,ＵＴグループ(株),"141,674",---,"351,000"
2801,3361,4216,4760,4800,サービス業,2175,(株)エス・エム・エス,"379,447",---,"435,500"
17820,7769,24361,7612,15834,サービス業,2181,パーソルホールディングス(株),"685,734",---,"289,700"
11115,10289,12816,10824,13405,食料品,2201,森永製菓(株),"215,404",2.01,"397,500"
18605,17330,19429,17539,17682,食料品,2229,カルビー(株),"365,494",1.91,"272,900"
13202,15781,14017,18656,18741,食料品,2264,森永乳業(株),"332,468",1.05,"667,000"
30154,34064,34935,39735,39267,食料品,2267,(株)ヤクルト本社,"981,801",1.08,"574,000"
60786,61278,61868,67318,65655,食料品,2269,明治ホールディングス(株),"1,073,364",2.28,"703,000"
10009,10413,8287,8823,14165,食料品,2281,プリマハム(株),"136,921",2.40,"271,000"
35004,37552,19561,19214,32616,食料品,2282,日本ハム(株),"412,865",2.49,"401,000"
2197,3542,4584,5471,4974,情報・通信,2317,(株)システナ,"239,643",0.94,"212,600"
13671,14105,16713,18552,16982,情報・通信,2327,日鉄ソリューションズ(株),"342,214",1.50,"374,000"
18330,19344,22269,24163,25014,サービス業,2331,ＡＬＳＯＫ,"507,139",1.53,"497,000"
14894,14018,15373,8201,5027,不動産業,2337,いちご(株),"168,797",2.10,"33,400"
14812,15699,16697,18348,11763,サービス業,2371,(株)カカクコム,"754,473",1.10,"365,000"
6167,7531,8910,10012,607,サービス業,2379,ディップ(株),"246,875",1.49,"410,500"
3855,4190,5176,5641,6766,サービス業,2412,(株)ベネフィット・ワン,"878,235",0.66,"549,000"
16004,18127,19577,21635,37822,サービス業,2413,エムスリー(株),"5,021,199",---,"739,700"
3037,6180,7480,8227,3324,サービス業,2427,(株)アウトソーシング,"254,120",1.54,"201,800"
30826,22981,12709,－49166,25630,サービス業,2432,(株)ディー・エヌ・エー,"280,474",---,"215,400"
25880,29834,47235,44893,26479,サービス業,2433,(株)博報堂ＤＹホールディングス,"723,412",1.62,"185,700"
9469,7187,8521,4356,－16071,食料品,2501,サッポロホールディングス(株),"196,828",1.68,"249,800"
89221,141003,151077,142207,92826,食料品,2502,アサヒグループホールディングス(株),"2,577,605",2.14,"508,400"
148918,241991,164202,59642,71935,食料品,2503,キリンホールディングス(株),"1,832,570",3.24,"200,500"
8480,11029,10411,8980,10574,食料品,2531,宝ホールディングス(株),"312,929",1.53,"156,700"
71501,78112,80024,68888,52212,食料品,2587,サントリー食品インターナショナル(株),"1,364,235",1.77,"441,500"
13693,12553,14462,7793,7011,食料品,2593,(株)伊藤園,"636,976",0.56,"714,000"
36400,26828,25585,20108,8689,小売業,2651,(株)ローソン,"534,599",2.81,"533,000"
28365,29714,30285,29706,19226,小売業,2670,(株)エービーシー・マート,"463,873",3.02,"562,000"
40760,56842,70419,60821,27001,卸売業,2768,双日(株),"474,318",3.69,"189,500"
30893,35589,41724,40273,24501,卸売業,2784,アルフレッサ　ホールディングス(株),"384,959",3.30,"163,800"
23810,23846,25992,26827,31159,食料品,2801,キッコーマン(株),"1,764,337",0.49,"910,000"
53065,60124,29698,18837,59416,食料品,2802,味の素(株),"1,839,148",1.31,"334,900"
17093,18099,18320,18698,11378,食料品,2809,キユーピー(株),"351,486",1.81,"248,400"
6764,10100,8998,10198,7425,食料品,2811,カゴメ(株),"268,380",1.30,"284,400"
7585,8099,16677,8375,7277,食料品,2815,アリアケジャパン(株),"236,879",1.07,"722,000"
18751,19097,19943,19609,21212,食料品,2871,(株)ニチレイ,"389,455",1.80,"278,100"
20837,18431,18438,23379,29070,食料品,2875,東洋水産(株),"525,022",1.90,"473,500"
23558,29134,19356,29316,40828,食料品,2897,日清食品ホールディングス(株),"922,761",1.49,"873,000"
421695,392409,385677,348190,310253,食料品,2914,ＪＴ,"4,502,000",5.78,"225,100"
34897,42402,49515,58805,63619,不動産業,3003,ヒューリック(株),"839,895",3.43,"110,700"
4560,8346,10363,12056,15047,卸売業,3038,(株)神戸物産,"1,053,360",0.52,"385,000"
13505,17122,14047,5450,8761,小売業,3048,(株)ビックカメラ,"186,077",1.52,"98,900"
6368,8464,9515,10984,13771,小売業,3064,(株)ＭｏｎｏｔａＲＯ,"1,293,791",0.45,"258,100"
27052,28486,27358,21251,－26193,小売業,3086,Ｊ．フロント　リテイリング(株),"285,176",2.75,"105,400"
20119,22755,25035,26176,21568,小売業,3088,(株)マツキヨココカラ＆カンパニー,"717,693",1.39,"502,000"
17035,20156,15985,18804,30932,小売業,3092,(株)ＺＯＺＯ,"1,308,906",1.31,"420,000"
14976,－960,13480,－11187,－41078,小売業,3099,(株)三越伊勢丹ホールディングス,"326,045",1.22,"82,200"
9444,13044,－603,13774,4202,繊維製品,3101,東洋紡(株),"121,374",2.93,"136,300"
7389,8081,5232,－2158,3864,繊維製品,3103,ユニチカ(株),"20,849",0.00,"36,100"
7469,10531,16775,21178,25715,卸売業,3107,ダイワボウホールディングス(株),"186,642",3.10,"193,700"
45359,44818,27457,24786,31188,輸送用機器,3116,トヨタ紡織(株),"392,034",3.06,"208,900"
14451,17166,17423,22802,27999,小売業,3141,ウエルシアホールディングス(株),"869,980",0.72,"415,000"
10119,9540,9719,12254,12376,小売業,3148,(株)クリエイトＳＤホールディングス,"239,213",1.28,"358,000"
7337,6620,7772,8241,8815,卸売業,3167,(株)ＴＯＫＡＩホールディングス,"124,036",3.38,"88,800"
47005,46029,45873,48886,42198,不動産業,3231,野村不動産ホールディングス(株),"521,954",2.97,"286,000"
4628,5661,8489,9740,10615,不動産業,3244,サムティ(株),"111,059",3.77,"239,000"
10526,13757,18296,21892,20533,不動産業,3254,(株)プレサンスコーポレーション,"128,214",0.86,"186,200"
18709,24797,31806,39407,59491,不動産業,3288,(株)オープンハウス,"870,207",1.62,"690,000"
31518,35185,37459,38611,21668,不動産業,3289,東急不動産ホールディングス(株),"477,248",2.41,"66,300"
76741,69542,65469,53752,83316,不動産業,3291,飯田グループホールディングス(株),"829,119",3.20,"281,600"
18215,17633,19185,21435,27156,小売業,3349,(株)コスモス薬品,"702,014",0.46,"1,755,000"
9410,10350,11236,11803,12280,卸売業,3360,シップヘルスケアホールディングス(株),"293,113",1.42,"288,300"
96750,181150,203004,218185,179262,小売業,3382,(株)セブン＆アイ・ホールディングス,"4,206,167",2.11,"474,500"
23232,24798,24824,27899,26283,小売業,3391,(株)ツルハホールディングス,"682,179",1.21,"1,380,000"
50133,45556,45057,25252,－6662,繊維製品,3401,帝人(株),"308,808",3.53,"156,000"
99418,95915,79373,84230,45794,繊維製品,3402,東レ(株),"1,155,089",2.26,"70,800"
40400,54459,33560,－1956,2570,化学,3405,(株)クラレ,"371,897",3.82,"104,800"
115000,170248,147512,103931,79768,化学,3407,旭化成(株),"1,693,627",2.80,"121,500"
6588,27016,58580,33112,25505,金属製品,3436,(株)ＳＵＭＣＯ,"752,526",---,"214,900"
4508,4905,5117,5376,3590,卸売業,3543,(株)コメダホールディングス,"95,138",2.47,"206,200"
8181,8823,10648,12416,12062,小売業,3549,(株)クスリのアオキホールディングス,"236,810",0.35,"751,000"
3184,6952,7991,9959,6457,小売業,3563,(株)ＦＯＯＤ　＆　ＬＩＦＥ　ＣＯＭＰＡＮＩＥＳ,"572,801",0.46,"493,500"
16306,20620,26034,29411,27692,情報・通信,3626,ＴＩＳ(株),"773,576",1.30,"308,000"
11624,13017,13694,15306,29550,情報・通信,3635,(株)コーエーテクモホールディングス,"868,811",1.57,"517,000"
20133,56750,107672,115664,56220,情報・通信,3659,(株)ネクソン,"1,788,567",0.25,"199,300"
9694,10161,13842,12628,13042,情報・通信,3738,(株)ティーガイア,"114,896",3.66,"204,900"
27911,22397,16585,18146,16369,情報・通信,3765,ガンホー・オンライン・エンターテイメント(株),"202,608",---,"212,800"
2910,2420,4255,5267,7624,情報・通信,3769,ＧＭＯペイメントゲートウェイ(株),"1,102,429",0.38,"1,440,000"
40270,36222,51977,58181,49635,パルプ・紙,3861,王子ホールディングス(株),"570,083",2.49,"56,200"
8399,7847,－35220,14212,3196,パルプ・紙,3863,日本製紙(株),"136,367",3.41,"117,300"
12136,3971,4697,19199,22115,パルプ・紙,3880,大王製紙(株),"333,293",1.01,"197,200"
731,874,1018,799,2936,情報・通信,3923,(株)ラクス,"612,510",0.06,"338,000"
3291,6084,7858,6620,6345,情報・通信,3932,(株)アカツキ,"44,968",---,"319,000"
13876,16622,17163,27790,28599,パルプ・紙,3941,レンゴー(株),"234,192",2.78,"86,400"
12305,37404,111503,73088,－76304,化学,4004,昭和電工(株),"532,516",2.26,"288,000"
76540,133768,117992,30926,46043,化学,4005,住友化学(株),"956,848",3.46,"57,800"
24026,27142,29372,30779,33470,化学,4021,日産化学(株),"905,190",1.71,"633,000"
75664,88795,78133,55550,63276,化学,4042,東ソー(株),"625,131",3.12,"192,300"
52165,19698,34279,19937,24534,化学,4043,(株)トクヤマ,"144,825",3.48,"200,900"
18145,23035,25046,22703,22785,化学,4061,デンカ(株),"336,069",3.56,"379,500"
175912,266235,309125,314027,293732,化学,4063,信越化学工業(株),"7,968,676",1.57,"1,912,500"
22337,25173,28815,30430,27367,化学,4088,エア・ウォーター(株),"393,800",2.57,"171,400"
34740,48919,41291,53340,55214,化学,4091,日本酸素ホールディングス(株),"1,140,333",1.22,"263,300"
30450,42899,54414,67084,47027,医薬品,4151,協和キリン(株),"1,992,600",1.25,"369,000"
48013,60531,55000,21158,36070,化学,4182,三菱ガス化学(株),"531,616",3.40,"235,500"
64839,71585,76115,33970,57873,化学,4183,三井化学(株),"712,194",3.16,"348,000"
156259,211788,169530,54077,－7557,化学,4188,(株)三菱ケミカルホールディングス,"1,453,568",2.49,"96,500"
43198,37062,35301,4978,19713,化学,4202,(株)ダイセル,"260,531",3.72,"86,000"
60850,63459,66093,59181,41544,化学,4204,積水化学工業(株),"838,811",2.75,"177,900"
23152,13056,18458,20201,27716,化学,4205,日本ゼオン(株),"347,079",1.64,"146,400"
11064,11996,13316,12732,10759,化学,4206,アイカ工業(株),"241,299",3.03,"357,000"
24185,31680,32499,22976,22936,化学,4208,宇部興産(株),"232,047",4.12,"218,500"
45064,55145,50931,58195,52867,情報・通信,4307,(株)野村総合研究所,"2,567,979",0.90,"420,500"
83501,105478,90316,－80893,－159596,サービス業,4324,(株)電通グループ,"1,188,249",2.45,"412,000"
3261,4640,4783,5543,6276,情報・通信,4348,インフォコム(株),"137,030",1.68,"237,900"
17586,19913,22034,21140,23302,化学,4403,日油(株),"465,569",1.42,"562,000"
126551,147010,153698,148213,126142,化学,4452,花王(株),"3,035,725",2.25,"639,100"
114940,186886,135192,44241,376005,医薬品,4502,武田薬品工業(株),"5,067,955",5.62,"320,300"
218701,164679,222265,195411,120589,医薬品,4503,アステラス製薬(株),"3,644,448",2.55,"195,750"
31316,53448,48627,40753,56219,医薬品,4506,大日本住友製薬(株),"754,419",1.48,"189,600"
83879,108866,137191,122193,111858,医薬品,4507,塩野義製薬(株),"2,345,309",1.46,"752,700"
11749,12953,16302,16866,20702,医薬品,4516,日本新薬(株),"628,048",1.15,"894,000"
53592,72713,92488,157560,214733,医薬品,4519,中外製薬(株),"6,449,260",1.56,"384,100"
22017,19043,17775,19370,13405,医薬品,4521,科研製薬(株),"205,810",3.35,"448,000"
39358,51845,63386,121767,42119,医薬品,4523,エーザイ(株),"2,384,102",1.99,"803,900"
10011,9289,9799,15410,16743,医薬品,4527,ロート製薬(株),"399,732",0.89,"338,500"
55793,50284,51539,59704,75425,医薬品,4528,小野薬品工業(株),"1,299,456",2.28,"245,950"
21731,35247,31954,23618,6830,医薬品,4536,参天製薬(株),"635,036",2.02,"158,600"
55003,91295,79470,85211,77268,精密機器,4543,テルモ(株),"3,835,581",0.59,"505,000"
1863,3070,3715,2678,6892,医薬品,4552,ＪＣＲファーマ(株),"369,476",0.56,"284,900"
5576,6495,13475,14503,13958,医薬品,4553,東和薬品(株),"182,367",1.44,"354,000"
53466,60282,93409,129074,75958,医薬品,4568,第一三共(株),"5,355,317",0.98,"275,050"
92563,112492,82492,127151,148137,医薬品,4578,大塚ホールディングス(株),"2,592,820",2.15,"464,800"
1890,2335,2770,－488,4448,医薬品,4587,ペプチドリーム(株),"331,397",0.00,"254,900"
34788,49312,45351,36717,44648,化学,4612,日本ペイントホールディングス(株),"2,986,845",0.79,"126,000"
24168,17701,17405,18477,20027,化学,4613,関西ペイント(株),"711,001",1.15,"260,800"
34767,38603,32028,23500,13233,化学,4631,ＤＩＣ(株),"288,801",3.29,"303,500"
82374,81191,90286,62217,－54190,サービス業,4661,(株)オリエンタルランド,"6,546,423",---,"1,800,000"
23359,26268,32223,35096,38001,情報・通信,4684,(株)オービック,"2,153,352",0.86,"2,162,000"
3364,3518,6210,9287,10957,情報・通信,4686,(株)ジャストシステム,"375,715",0.27,"585,000"
136589,131153,78677,81675,70145,情報・通信,4689,Ｚホールディングス(株),"5,076,905",0.84,"66,310"
24651,25691,28314,27946,26904,情報・通信,4704,トレンドマイクロ(株),"892,270",---,"634,000"
36360,38751,43360,47686,49175,情報・通信,4716,日本オラクル(株),"1,336,350",---,"1,042,000"
22909,24285,25543,20634,4022,サービス業,4732,(株)ユー・エス・エス,"560,404",3.26,"178,900"
21861,23581,24616,28451,30486,情報・通信,4739,伊藤忠テクノソリューションズ(株),"867,600",1.94,"361,500"
4024,4849,1694,6608,41553,サービス業,4751,(株)サイバーエージェント,"1,003,827",0.55,"198,500"
38429,110585,142282,－31888,－114199,サービス業,4755,楽天グループ(株),"1,965,925",---,"124,400"
26675,31560,33601,43497,39309,情報・通信,4768,(株)大塚商会,"1,090,612",2.09,"574,000"
4580,4438,5187,6226,7362,情報・通信,4812,ＩＳＩＤ,"258,774",1.31,"397,000"
4289,6412,9771,7420,9786,情報・通信,4819,(株)デジタルガレージ,"235,930",---,"497,000"
2529,2994,3310,4644,4113,サービス業,4848,(株)フルキャストホールディングス,"96,752",1.67,"258,100"
4005,6366,8144,7125,3502,サービス業,4849,エン・ジャパン(株),"232,174",1.55,"467,000"
--,--,--,--,--,医薬品,4887,サワイグループホールディングス(株),"220,270",2.58,"503,000"
131506,140694,138106,124987,181205,化学,4901,富士フイルムホールディングス(株),"4,555,982",1.13,"885,300"
31542,32248,41705,－3073,－15211,電気機器,4902,コニカミノルタ(株),"296,069",5.09,"58,900"
32101,22749,61403,73562,－11660,化学,4911,(株)資生堂,"2,945,200",0.68,"736,300"
15951,20883,25606,20559,29870,化学,4912,ライオン(株),"569,815",1.26,"190,500"
5146,6191,8649,9985,8016,化学,4921,(株)ファンケル,"451,674",0.98,"346,500"
21657,30611,37004,26682,11986,化学,4922,(株)コーセー,"854,961",0.99,"1,411,000"
16328,27137,8388,19694,4632,化学,4927,(株)ポーラ・オルビスホールディングス,"570,549",2.05,"249,000"
14321,15863,18023,19139,19205,化学,4967,小林製薬(株),"707,271",0.94,"862,000"
88164,162307,81450,－22935,34920,石油・石炭製品,5019,出光興産(株),"965,082",3.70,"324,000"
150008,361922,322319,－187946,113998,石油・石炭製品,5020,ＥＮＥＯＳホールディングス(株),"1,502,727",4.73,"46,520"
53235,72813,53132,－28155,85910,石油・石炭製品,5021,コスモエネルギーホールディングス(株),"208,027",3.26,"245,400"
9362,39975,35623,41971,26312,ゴム製品,5101,横浜ゴム(株),"333,842",3.30,"196,900"
－12260,15476,10553,24482,11682,ゴム製品,5105,ＴＯＹＯ　ＴＩＲＥ(株),"286,338",2.42,"185,800"
265550,288275,291642,240111,－23301,ゴム製品,5108,(株)ブリヂストン,"3,640,575",3.33,"510,100"
41364,46979,36246,12072,22596,ゴム製品,5110,住友ゴム工業(株),"376,941",3.84,"143,300"
47438,69225,89593,44434,32715,ガラス・土石製品,5201,ＡＧＣ(株),"1,296,416",3.68,"570,000"
5605,6164,13287,－18925,－16930,ガラス・土石製品,5202,日本板硝子(株),"57,834",0.00,"63,600"
4968,27184,15199,－33669,15252,ガラス・土石製品,5214,日本電気硝子(株),"281,153",3.89,"282,500"
16210,14659,7799,10922,11719,ガラス・土石製品,5232,住友大阪セメント(株),"122,903",3.64,"330,000"
47597,38525,43452,39151,46800,ガラス・土石製品,5233,太平洋セメント(株),"297,644",2.87,"244,000"
－7929,12346,73393,31994,1019,ガラス・土石製品,5301,東海カーボン(株),"328,642",2.05,"146,100"
32960,36798,32380,23583,27199,ガラス・土石製品,5332,ＴＯＴＯ(株),"1,014,103",1.40,"573,000"
36379,45814,35506,27135,38496,ガラス・土石製品,5333,日本ガイシ(株),"603,972",3.15,"190,400"
25602,44335,40515,33698,38367,ガラス・土石製品,5334,日本特殊陶業(株),"349,140",4.33,"171,000"
13409,14956,15861,14674,10715,ガラス・土石製品,5393,ニチアス(株),"184,177",3.02,"271,600"
130946,180832,251169,－431513,－32432,鉄鋼,5401,日本製鉄(株),"1,844,099",---,"194,050"
－23045,63188,35940,－68008,23234,鉄鋼,5406,(株)神戸製鋼所,"236,472",---,"64,900"
67939,97635,163509,－197744,－21868,鉄鋼,5411,ジェイ　エフ　イー　ホールディングス(株),"1,031,028",---,"167,800"
－3561,－810,3693,625,1162,鉄鋼,5541,大平洋金属(株),"40,329",0.73,"206,000"
－4968,10712,19966,9310,6893,機械,5631,(株)日本製鋼所,"248,035",1.35,"333,500"
19520,18012,20560,7476,3366,非鉄金属,5703,日本軽金属ホールディングス(株),"119,152",4.42,"192,200"
18674,－708,4691,1566,44771,非鉄金属,5706,三井金属,"190,269",2.56,"332,000"
8814,10373,－2550,－18364,5508,非鉄金属,5707,東邦亜鉛(株),"43,406",1.56,"319,500"
28352,34595,1298,－72850,24407,非鉄金属,5711,三菱マテリアル(株),"291,644",2.25,"221,800"
－18540,90227,66790,60600,94604,非鉄金属,5713,住友金属鉱山(株),"1,274,347",3.04,"438,200"
26169,24693,14986,17395,21824,非鉄金属,5714,ＤＯＷＡホールディングス(株),"296,928",1.98,"479,000"
17570,28547,29108,17639,10001,非鉄金属,5801,古河電気工業(株),"180,837",2.34,"255,900"
107562,120328,118063,72720,56344,非鉄金属,5802,住友電気工業(株),"1,211,553",3.28,"152,600"
12900,18359,1453,－38510,－5369,非鉄金属,5803,(株)フジクラ,"195,566",---,"66,100"
－1213,9416,9000,9846,25725,非鉄金属,5857,アサヒホールディングス(株),"174,961",4.10,"219,500"
17070,18280,20910,21647,21251,金属製品,5929,三和ホールディングス(株),"327,096",2.40,"141,600"
22322,21194,20480,21561,27581,金属製品,5947,リンナイ(株),"583,746",1.20,"1,167,000"
9012,10363,12280,13746,12695,機械,6005,三浦工業(株),"539,378",0.84,"430,500"
7717,8498,9683,10825,13245,サービス業,6028,テクノプロ・ホールディングス(株),"391,943",1.47,"361,500"
694,821,976,2445,2802,サービス業,6035,(株)アイ・アールジャパンホールディングス,"186,960",1.08,"1,048,000"
3050,4100,5514,5596,6140,サービス業,6055,ジャパンマテリアル(株),"159,932",1.12,"152,100"
136654,151667,174280,179880,131393,サービス業,6098,(株)リクルートホールディングス,"11,897,160",0.30,"701,500"
10241,14226,18521,10712,2088,機械,6103,オークマ(株),"182,278",1.30,"540,000"
25894,27094,33303,23390,18564,機械,6113,(株)アマダ,"408,673",2.99,"113,800"
7054,17523,16855,14963,17167,機械,6134,(株)ＦＵＪＩ,"253,364",2.32,"259,000"
10134,13993,14710,13686,5639,機械,6136,ＯＳＧ,"181,075",1.68,"184,400"
－7826,15263,18517,17995,1745,機械,6141,ＤＭＧ森精機(株),"242,713",1.56,"192,700"
24203,37171,28824,27653,39091,機械,6146,(株)ディスコ,"1,118,860",---,"3,100,000"
－28976,460623,479419,483733,418238,サービス業,6178,日本郵政(株),"3,303,669",5.70,"87,680"
4304,5604,5397,7006,7252,サービス業,6183,(株)ベルシステム２４ホールディングス,"115,014",3.07,"156,100"
131398,168180,152748,145881,136700,輸送用機器,6201,(株)豊田自動織機,"3,115,037",1.78,"956,000"
1466,4815,7745,9101,6796,機械,6235,(株)オプトラン,"100,870",2.20,"227,400"
18606,25146,21029,17931,20505,機械,6268,ナブテスコ(株),"475,782",1.96,"393,000"
113095,136869,130631,110500,121790,機械,6273,ＳＭＣ(株),"4,563,600",0.89,"6,774,000"
113381,196410,256491,153844,106237,機械,6301,コマツ,"2,814,338",2.14,"289,200"
33613,34660,45650,32807,26764,機械,6302,住友重機械工業(株),"347,331",2.48,"282,600"
8022,60004,68542,41171,10340,機械,6305,日立建機(株),"732,467",---,"340,500"
132485,134160,138595,149061,128524,機械,6326,(株)クボタ,"2,896,959",---,"239,700"
20587,9531,18262,23349,24473,機械,6361,荏原,"585,474",2.12,"613,000"
153938,189051,189048,170731,156249,機械,6367,ダイキン工業(株),"7,497,855",0.70,"2,558,000"
16746,29008,39567,28063,32390,機械,6383,(株)ダイフク,"1,306,616",0.82,"1,032,000"
7757,9547,11391,9091,9765,機械,6432,(株)竹内製作所,"142,097",2.00,"290,000"
47242,50020,53902,49566,24520,電気機器,6448,ブラザー工業(株),"608,352",2.59,"232,000"
21430,23144,25717,24437,11442,機械,6465,ホシザキ(株),"705,445",1.13,"974,000"
45560,69312,55809,17412,355,機械,6471,日本精工(株),"442,117",3.12,"80,200"
2830,20373,－6958,－43992,－11641,機械,6472,ＮＴＮ(株),"141,103",0.00,"26,500"
47522,49697,27248,－3794,800,機械,6473,(株)ジェイテクト,"352,555",1.56,"102,700"
41146,50326,60142,45975,38759,電気機器,6479,ミネベアミツミ(株),"1,202,232",---,"281,500"
231261,362988,222546,87596,501613,電気機器,6501,(株)日立製作所,"6,472,650",---,"668,500"
210493,255755,226648,221834,193132,電気機器,6503,三菱電機(株),"3,400,094",---,"158,350"
40978,37763,40267,28793,41926,電気機器,6504,富士電機(株),"752,457",---,"504,000"
20397,39749,42524,15572,18927,電気機器,6506,(株)安川電機,"1,321,451",1.05,"495,500"
2097,2866,3103,5912,10014,サービス業,6532,(株)ベイカレント・コンサルティング,"709,453",0.42,"4,565,000"
271,848,1265,1700,2362,サービス業,6544,ジャパンエレベーターサービスホールディングス(株),"211,500",---,"238,300"
44782,54943,55750,47731,62018,機械,6586,(株)マキタ,"1,584,899",---,"566,000"
111007,130834,109960,58459,121977,電気機器,6594,日本電産(株),"7,507,221",0.48,"1,259,000"
45987,63159,54323,74895,43307,電気機器,6645,オムロン(株),"2,190,321",0.81,"1,062,000"
5030,5811,6655,7527,10005,電気機器,6670,(株)ＭＣＪ,"127,320",2.44,"125,100"
12229,11449,13524,13674,11455,電気機器,6674,(株)ジーエス・ユアサ　コーポレーション,"208,855",1.98,"252,500"
27310,45870,39675,99967,149606,電気機器,6701,ＮＥＣ,"1,705,312",1.60,"625,000"
88489,169340,104562,160042,202700,電気機器,6702,富士通(株),"4,448,469",1.02,"2,149,000"
4691,5891,8405,14086,－205,電気機器,6703,ＯＫＩ,"83,380",3.14,"95,600"
44119,102025,50989,－6317,45626,電気機器,6723,ルネサスエレクトロニクス(株),"2,694,778",---,"139,100"
48320,41836,53710,7733,30922,電気機器,6724,セイコーエプソン(株),"848,824",2.92,"212,400"
－5534,2362,3851,3917,10226,電気機器,6727,(株)ワコム,"120,413",2.07,"72,300"
24469,35904,18665,10769,14830,電気機器,6728,(株)アルバック,"308,475",1.76,"625,000"
6341,7224,7739,9705,10752,電気機器,6750,エレコム(株),"157,699",2.16,"171,000"
149360,236040,284149,225707,165077,電気機器,6752,パナソニック(株),"3,382,655",---,"137,850"
－24877,70225,64012,13726,53263,電気機器,6753,シャープ(株),"839,599",---,"137,200"
2698,2880,8956,13355,16105,電気機器,6754,アンリツ(株),"289,327",1.91,"209,200"
73289,490794,916271,582191,1171776,電気機器,6758,ソニーグループ(株),"16,160,468",---,"1,281,500"
145099,63463,82205,57780,79340,電気機器,6762,ＴＤＫ(株),"1,522,042",1.63,"391,500"
34920,47390,22114,－4009,－3837,電気機器,6770,アルプスアルパイン(株),"254,805",1.72,"116,200"
25748,21481,28446,14686,19219,電気機器,6841,横河電機(株),"591,780",1.54,"220,300"
13153,17890,18951,19793,19918,電気機器,6845,アズビル(株),"697,690",1.25,"480,500"
9149,9154,11191,9854,18243,電気機器,6849,日本光電,"324,755",1.07,"366,000"
12962,16281,22313,15481,13188,電気機器,6856,(株)堀場製作所,"321,548",1.72,"756,000"
14201,18103,56993,53532,69787,電気機器,6857,(株)アドバンテスト,"1,817,830",---,"911,000"
120680,210595,226147,198124,197289,電気機器,6861,(株)キーエンス,"16,345,988",0.30,"6,721,000"
40636,39222,41224,34883,33142,電気機器,6869,シスメックス(株),"2,931,751",0.53,"1,399,500"
257619,320561,254524,68099,125055,輸送用機器,6902,(株)デンソー,"6,140,455",1.80,"779,300"
3534,4366,5933,10823,19250,電気機器,6920,レーザーテック(株),"2,433,532",0.32,"2,581,000"
28685,36008,40265,18550,22918,電気機器,6923,スタンレー電気(株),"489,855",1.77,"282,500"
18410,19563,22135,17588,12014,電気機器,6952,カシオ計算機(株),"430,752",---,"166,300"
127697,181957,154163,73371,94012,電気機器,6954,ファナック(株),"4,925,580",---,"2,439,500"
14419,17777,21222,19918,16523,電気機器,6965,浜松ホトニクス(株),"1,104,130",0.72,"669,000"
103843,79137,103210,107721,90214,電気機器,6971,京セラ(株),"2,530,800",2.39,"670,200"
5428,16355,23687,18022,28615,電気機器,6976,太陽誘電(株),"720,108",1.08,"553,000"
156060,146086,206930,183012,237057,電気機器,6981,(株)村田製作所,"5,728,202",1.42,"847,600"
63453,87377,66560,47156,70235,化学,6988,日東電工(株),"1,201,063",2.74,"802,000"
12194,－10137,－69599,－86210,134,機械,7003,(株)三井Ｅ＆Ｓホールディングス,"45,954",0.00,"55,300"
5864,2171,5445,2197,4258,機械,7004,日立造船(株),"147,746",1.38,"86,800"
87720,－7320,110271,87123,40639,機械,7011,三菱重工業(株),"1,006,022",3.02,"298,200"
26204,28915,27453,18662,－19332,輸送用機器,7012,川崎重工業(株),"395,960",1.27,"235,800"
5247,8291,39889,8204,13093,機械,7013,(株)ＩＨＩ,"417,172",2.22,"269,700"
7644,9580,8989,10035,1136,証券業,7148,(株)ＦＰＧ,"62,084",2.65,"69,700"
19530,22052,24134,24430,27002,その他金融業,7164,全国保証(株),"369,153",2.43,"536,000"
158455,43069,46338,36370,36478,銀行業,7167,(株)めぶきフィナンシャルグループ,"280,615",4.62,"23,800"
126656,66413,54285,46536,25326,銀行業,7186,(株)コンコルディア・フィナンシャルグループ,"564,891",3.43,"46,700"
663499,746892,319138,－671216,－448697,輸送用機器,7201,日産自動車(株),"2,478,404",---,"58,720"
93858,105663,113444,81232,42708,輸送用機器,7202,いすゞ自動車(株),"1,163,831",3.87,"149,700"
1831109,2493983,1882873,2036140,2245261,輸送用機器,7203,トヨタ自動車(株),"32,360,778",---,"198,350"
49408,51361,54908,31467,－7489,輸送用機器,7205,日野自動車(株),"640,083",1.26,"111,400"
－198524,107619,132871,－25779,－312317,輸送用機器,7211,三菱自動車(株),"549,914",0.00,"36,900"
126653,134551,110123,24061,105638,輸送用機器,7259,(株)アイシン,"1,227,320",4.08,"416,500"
93780,112057,63155,12131,－31651,輸送用機器,7261,マツダ(株),"662,131",1.43,"104,800"
616569,1059337,610316,455746,657425,輸送用機器,7267,ホンダ,"6,189,651",3.22,"341,700"
159956,215730,178759,134222,146421,輸送用機器,7269,スズキ(株),"2,509,635",---,"511,000"
282354,220354,141418,152587,76510,輸送用機器,7270,(株)ＳＵＢＡＲＵ,"1,750,260",2.46,"227,550"
63153,101603,93366,75736,53072,輸送用機器,7272,ヤマハ発動機(株),"1,099,683",3.18,"314,000"
56692,83397,72895,58022,37612,電気機器,7276,(株)小糸製作所,"1,062,818",---,"661,000"
16233,21361,23309,11226,35205,輸送用機器,7282,豊田合成(株),"299,761",3.04,"230,500"
50964,38443,53931,51833,63472,輸送用機器,7309,(株)シマノ,"2,751,930",0.79,"2,968,000"
19622,30115,25750,15064,20741,輸送用機器,7313,テイ・エス　テック(株),"205,088",3.58,"150,800"
10158,13634,14817,15911,52827,小売業,7419,(株)ノジマ,"144,124",1.71,"281,000"
30113,33845,23253,－16917,33903,小売業,7453,(株)良品計画,"621,647",1.81,"221,400"
29011,34780,34359,37968,23926,卸売業,7459,(株)メディパルホールディングス,"521,571",1.97,"213,300"
6072,10031,10854,11830,18649,小売業,7516,コーナン商事(株),"125,202",1.94,"361,000"
33082,36405,47066,49927,53851,小売業,7532,(株)パン・パシフィック・インターナショナルホールディングス,"1,541,959",0.68,"243,100"
8443,8001,9924,11978,2259,小売業,7550,(株)ゼンショーホールディングス,"405,895",0.76,"262,100"
5350,7478,7723,7748,2000,卸売業,7575,日本ライフライン(株),"109,765",2.96,"128,500"
14947,16411,17940,20782,21120,小売業,7649,スギホールディングス(株),"516,780",0.98,"816,000"
26473,29838,32523,31766,36097,精密機器,7701,(株)島津製作所,"1,369,325",0.76,"462,500"
2813,7837,10901,3251,3513,精密機器,7717,(株)ブイ・テクノロジー,"43,600",2.77,"433,500"
9909,12717,14665,7156,12175,精密機器,7729,(株)東京精密,"188,468",2.89,"450,500"
3967,34772,66513,7693,－34497,精密機器,7731,(株)ニコン,"491,081",2.31,"129,800"
42783,57064,8147,51670,12918,精密機器,7733,オリンパス(株),"3,258,630",0.56,"250,800"
24168,28507,18059,5010,15164,電気機器,7735,(株)ＳＣＲＥＥＮホールディングス,"481,535",1.90,"948,000"
86740,99494,122103,114406,125446,精密機器,7741,ＨＯＹＡ(株),"6,418,027",---,"1,736,000"
7725,10042,11237,9178,9984,精密機器,7747,朝日インテック(株),"814,901",0.39,"300,000"
150650,241923,252755,124964,83318,電気機器,7751,キヤノン(株),"3,797,891",3.16,"284,750"
3489,－135372,49526,39546,－32730,電気機器,7752,(株)リコー,"841,006",2.30,"112,900"
16573,19303,13369,－16667,－25173,精密機器,7762,シチズン時計(株),"160,949",3.52,"51,200"
44159,54109,63383,57665,48894,その他製品,7832,(株)バンダイナムコホールディングス,"1,924,740",0.55,"867,000"
14454,15497,14589,13277,9933,その他製品,7846,(株)パイロットコーポレーション,"177,293",1.42,"424,000"
32535,42267,41049,87047,81997,その他製品,7911,凸版印刷(株),"647,656",2.16,"185,200"
25226,27501,－35668,69497,25088,その他製品,7912,大日本印刷(株),"893,983",2.27,"281,800"
10953,9178,9901,10777,12211,化学,7947,(株)エフピコ,"326,857",1.22,"386,500"
46719,54378,40337,34621,26615,その他製品,7951,ヤマハ(株),"1,363,872",0.93,"712,000"
11118,14515,14238,11538,10643,その他製品,7956,ピジョン(株),"301,822",2.98,"248,100"
102574,139590,194009,258641,480376,その他製品,7974,任天堂(株),"6,496,047",2.86,"5,002,000"
20364,21198,20753,18321,18402,化学,7988,(株)ニフコ,"387,032",1.72,"360,000"
352221,400333,500523,501322,401433,卸売業,8001,伊藤忠商事(株),"5,150,891",2.89,"325,000"
155350,211259,230891,－197450,225343,卸売業,8002,丸紅(株),"1,649,813",3.58,"94,900"
107903,130228,132622,135551,134602,卸売業,8015,豊田通商(株),"1,729,566",2.46,"488,500"
8049,16317,16605,14399,13315,卸売業,8020,兼松(株),"112,639",4.50,"133,300"
306136,418479,414215,391513,335458,卸売業,8031,三井物産(株),"4,228,245",3.50,"257,450"
115208,204371,248228,185206,242941,電気機器,8035,東京エレクトロン(株),"7,978,454",2.34,"5,075,000"
170889,308521,320523,171359,－153067,卸売業,8053,住友商事(株),"2,000,996",4.38,"159,900"
10261,11949,14238,18182,17076,情報・通信,8056,日本ユニシス(株),"344,892",2.23,"314,500"
440293,560173,590737,535353,172550,卸売業,8058,三菱商事(株),"5,287,689",3.77,"355,900"
16546,17577,19221,20994,23207,卸売業,8088,岩谷産業(株),"392,363",1.12,"670,000"
3424,5174,9243,10770,10734,繊維製品,8111,(株)ゴールドウイン,"311,260",1.07,"656,000"
46971,52772,61353,46116,52344,化学,8113,ユニ・チャーム(株),"2,737,879",0.82,"441,000"
8110,6555,7401,7834,17824,小売業,8194,(株)ライフコーポレーション,"184,699",1.87,"373,500"
20870,23658,16443,16028,－33970,小売業,8233,(株)高島屋,"196,780",2.17,"110,700"
18724,20907,25341,25396,2327,小売業,8252,(株)丸井グループ,"502,118",2.32,"224,500"
42253,38446,30517,22863,36132,その他金融業,8253,(株)クレディセゾン,"267,226",3.12,"144,100"
11255,24522,23637,26838,－71024,小売業,8267,イオン(株),"2,281,827",1.38,"261,700"
17015,26932,23488,19953,23053,小売業,8273,(株)イズミ,"261,936",2.35,"365,500"
9927,11004,11798,12458,14593,小売業,8279,(株)ヤオコー,"266,892",1.09,"667,000"
20154,22706,23807,21525,38734,小売業,8282,(株)ケーズホールディングス,"267,975",3.36,"119,100"
14605,17453,19767,25412,19317,卸売業,8283,(株)ＰＡＬＴＡＣ,"331,749",1.49,"522,000"
50759,51414,52319,45575,45109,銀行業,8303,(株)新生銀行,"494,756",---,"191,000"
43849,43064,36130,28142,28972,銀行業,8304,(株)あおぞら銀行,"318,553",4.75,"269,300"
926440,989664,872689,528151,777018,銀行業,8306,(株)三菱ＵＦＪフィナンシャル・グループ,"8,864,968",4.14,"65,270"
161485,236251,175162,152426,124481,銀行業,8308,(株)りそなホールディングス,"1,067,306",4.77,"44,030"
121446,153986,173889,163028,142196,銀行業,8309,三井住友トラスト・ホールディングス(株),"1,448,625",4.15,"386,000"
706519,734368,726681,703883,512812,銀行業,8316,(株)三井住友フィナンシャルグループ,"5,311,910",5.17,"386,500"
52730,53796,50478,48037,49641,銀行業,8331,(株)千葉銀行,"597,777",3.00,"73,300"
－54300,49369,51649,110607,44647,銀行業,8354,(株)ふくおかフィナンシャルグループ,"404,066",4.49,"211,400"
29276,50130,46874,38703,43638,銀行業,8355,(株)静岡銀行,"563,587",2.64,"94,700"
25114,25301,13236,26162,25905,銀行業,8410,(株)セブン銀行,"290,110",4.47,"24,600"
603544,576547,96566,448568,471020,銀行業,8411,(株)みずほフィナンシャルグループ,"3,886,322",4.90,"153,050"
19974,21944,25515,26187,29566,その他金融業,8424,芙蓉総合リース(株),"226,856",3.47,"749,000"
12414,13643,16594,17512,21772,その他金融業,8425,みずほリース(株),"172,739",3.12,"352,500"
43648,51324,52271,56303,49145,その他金融業,8439,東京センチュリー(株),"818,138",2.15,"665,000"
32455,46684,52548,37487,81098,証券業,8473,ＳＢＩホールディングス(株),"731,979",---,"298,900"
39454,38677,39408,34149,17693,その他金融業,8570,イオンフィナンシャルサービス(株),"320,127",3.04,"148,200"
－72187,70572,37781,59600,78864,その他金融業,8572,アコム(株),"607,846",1.55,"38,800"
28690,28021,28877,20654,17668,その他金融業,8585,(株)オリエントコーポレーション,"271,562",1.90,"15,800"
273239,313135,323745,302700,192384,その他金融業,8591,オリックス(株),"2,761,736",3.63,"214,800"
53157,63679,68796,70754,55330,その他金融業,8593,三菱ＨＣキャピタル(株),"843,475",4.52,"57,500"
11073,24235,10162,11839,38504,証券業,8595,ジャフコ　グループ(株),"213,063",---,"790,000"
104067,110579,63813,60346,108396,証券業,8601,(株)大和証券グループ本社,"1,131,446",---,"66,580"
239617,219343,－100442,216998,153116,証券業,8604,野村ホールディングス(株),"1,791,394",---,"55,400"
10697,12908,9562,6136,10283,証券業,8628,松井証券(株),"213,116",---,"82,200"
166402,139817,146626,122515,142482,保険業,8630,ＳＯＭＰＯホールディングス(株),"1,836,039",4.27,"491,800"
42124,50484,49057,47609,51389,その他金融業,8697,(株)日本取引所グループ,"1,481,403",1.88,"276,200"
210447,154057,192705,143030,144398,保険業,8725,ＭＳ＆ＡＤインシュアランスグループホールディングス(株),"2,189,318",4.34,"368,800"
231286,363928,225035,32433,363777,保険業,8750,第一生命ホールディングス(株),"2,709,137",3.17,"242,550"
273856,284183,274579,259763,161801,保険業,8766,東京海上ホールディングス(株),"4,256,843",3.52,"610,300"
75187,77577,72825,67103,162316,保険業,8795,(株)Ｔ＆Ｄホールディングス,"894,102",3.69,"151,800"
131815,155874,168661,183972,129576,不動産業,8801,三井不動産(株),"2,521,356",1.68,"261,150"
102681,120443,134608,148451,135655,不動産業,8802,三菱地所(株),"2,441,349",1.88,"175,450"
19742,22599,27277,29796,31795,不動産業,8804,東京建物(株),"350,147",2.87,"167,400"
103488,119731,130102,140997,141389,不動産業,8830,住友不動産(株),"1,951,000",1.10,"409,800"
13646,13727,15264,15059,15599,不動産業,8850,スターツコーポレーション(株),"150,115",2.23,"278,000"
9151,10782,13005,3818,9354,サービス業,8876,(株)リログループ,"360,047",0.93,"235,400"
3936,5456,7226,8155,7663,不動産業,8892,(株)日本エスコン,"79,851",4.69,"81,000"
28527,30542,33538,34239,－1864,不動産業,8905,イオンモール(株),"390,929",2.91,"171,800"
3494,4548,5926,5190,7440,不動産業,8919,(株)カチタス,"319,322",0.79,"406,000"
36137,36025,28024,35530,－24965,陸運業,9001,東武鉄道(株),"598,813",0.70,"285,400"
67289,70095,57824,42386,－56229,陸運業,9005,東急(株),"1,012,914",0.93,"162,100"
26067,29328,32468,19923,－39804,陸運業,9007,小田急電鉄(株),"919,033",0.40,"249,400"
21168,23897,27213,17875,－27519,陸運業,9008,京王電鉄(株),"748,166",---,"582,000"
35711,34811,38642,30110,－30289,陸運業,9009,京成電鉄(株),"635,335",---,"368,500"
277925,288957,295216,198428,－577900,陸運業,9020,東日本旅客鉄道(株),"2,747,569",1.38,"727,000"
91288,110493,102750,89380,－233214,陸運業,9021,西日本旅客鉄道(株),"1,298,821",1.88,"532,300"
392913,395502,438715,397881,－201554,陸運業,9022,東海旅客鉄道(株),"3,511,270",0.76,"1,704,500"
71302,66361,65476,54859,－36702,陸運業,9042,阪急阪神ホールディングス(株),"886,171",1.43,"348,500"
36454,6534,49330,17409,56102,陸運業,9062,日本通運(株),"712,320",2.49,"742,000"
18053,18231,25682,22324,56700,陸運業,9064,ヤマトホールディングス(株),"1,093,452",1.63,"281,400"
18208,19402,27470,25619,23540,陸運業,9065,山九(株),"340,425",2.11,"522,000"
8950,9503,11681,12081,14240,陸運業,9069,センコーグループホールディングス(株),"157,541",2.91,"103,000"
18703,20916,22786,21614,22873,陸運業,9086,(株)日立物流,"408,734",1.15,"486,000"
3080,3044,3901,4818,5536,陸運業,9090,(株)丸和運輸機関,"199,425",1.23,"154,800"
－265744,20167,－44501,31129,139228,海運業,9101,日本郵船(株),"1,321,328",9.01,"777,000"
5257,－47380,26875,32623,90052,海運業,9104,(株)商船三井,"791,324",8.38,"656,000"
－139478,10384,－111188,5269,108695,海運業,9107,川崎汽船(株),"475,327",---,"506,000"
44751,50410,49240,31495,－18984,陸運業,9142,九州旅客鉄道(株),"405,524",3.61,"257,800"
28452,36021,43465,47292,74342,陸運業,9143,ＳＧホールディングス(株),"1,825,124",1.33,"285,000"
98827,143887,110777,27655,－404624,空運業,9202,ＡＮＡホールディングス(株),"1,307,108",0.00,"269,900"
10665,10517,11564,11851,39160,倉庫・運輸関連業,9301,三菱倉庫(株),"282,794",2.43,"321,500"
4487,7002,9857,4724,21644,倉庫・運輸関連業,9375,(株)近鉄エクスプレス,"197,424",1.82,"274,200"
427,3169,6069,4909,8044,情報・通信,9418,(株)ＵＳＥＮ－ＮＥＸＴ　ＨＯＬＤＩＮＧＳ,"195,571",0.46,"325,500"
800129,897887,854561,855306,916181,情報・通信,9432,日本電信電話(株),"12,170,461",3.53,"312,000"
546658,572528,617669,639767,651496,情報・通信,9433,ＫＤＤＩ(株),"8,500,118",3.39,"368,900"
441189,400749,462455,473135,491287,情報・通信,9434,ソフトバンク(株),"7,326,726",5.62,"153,050"
39034,42959,49547,51670,54614,情報・通信,9435,(株)光通信,"831,842",2.66,"1,787,000"
132810,318077,232414,50703,180896,電気・ガス業,9501,東京電力ホールディングス(株),"544,779",0.00,"33,900"
114665,74372,79422,163472,147202,電気・ガス業,9502,中部電力(株),"978,957",3.87,"129,150"
140789,151880,115077,130002,108978,電気・ガス業,9503,関西電力(株),"1,006,322",4.66,"107,200"
11341,20707,11446,90056,14564,電気・ガス業,9504,中国電力(株),"382,509",5.06,"98,800"
69931,47216,46483,63074,29380,電気・ガス業,9506,東北電力(株),"389,231",5.17,"77,400"
79270,86657,30970,－419,32167,電気・ガス業,9508,九州電力(株),"396,418",4.78,"83,600"
8793,16549,22357,26720,36155,電気・ガス業,9509,北海道電力(株),"111,737",3.85,"51,900"
41429,68448,46252,42277,22304,電気・ガス業,9513,Ｊ－ＰＯＷＥＲ,"283,912",4.84,"155,100"
1917,3038,2764,4515,6285,電気・ガス業,9517,イーレックス(株),"153,795",0.77,"259,700"
2023,800,1659,3536,11507,電気・ガス業,9519,(株)レノバ,"373,894",0.00,"476,000"
53134,74987,84555,43293,49505,電気・ガス業,9531,東京ガス(株),"835,468",3.17,"189,450"
61271,37724,33601,41788,80857,電気・ガス業,9532,大阪ガス(株),"786,692",2.91,"188,800"
33252,33553,30197,36609,14688,情報・通信,9602,東宝(株),"1,020,104",0.64,"547,000"
65686,82392,93616,75148,76843,情報・通信,9613,(株)ＮＴＴデータ,"3,105,135",0.86,"221,400"
7949,10567,9029,9179,6697,小売業,9627,(株)アインホールディングス,"237,369",0.82,"670,000"
8098,10744,11857,11430,8466,サービス業,9678,(株)カナモト,"96,003",2.82,"247,800"
20039,25821,19373,21346,26942,情報・通信,9684,(株)スクウェア・エニックス・ホールディングス,"753,569",0.99,"615,000"
8879,10937,12551,15949,24923,情報・通信,9697,(株)カプコン,"914,264",1.07,"337,500"
28458,32488,27892,28765,33435,情報・通信,9719,ＳＣＳＫ(株),"725,105",2.01,"232,000"
84170,86993,92009,89080,74681,サービス業,9735,セコム(株),"1,834,423",2.23,"786,300"
7937,8132,8829,9093,7028,サービス業,9744,(株)メイテック,"188,760",---,"660,000"
25951,30507,34196,19892,32261,情報・通信,9766,コナミホールディングス(株),"938,490",1.12,"654,000"
7093,6397,6415,9348,11680,サービス業,9787,イオンディライト(株),"182,552",2.49,"337,000"
18238,21726,23249,20708,15934,卸売業,9810,日鉄物産(株),"160,731",5.23,"497,500"
59999,64219,68180,71395,92114,小売業,9843,(株)ニトリホールディングス,"2,284,864",0.70,"1,996,500"
18387,25601,24034,16504,17138,卸売業,9962,(株)ミスミグループ本社,"1,363,263",0.61,"479,500"
119280,154811,162578,90357,169847,小売業,9983,(株)ファーストリテイリング,"7,720,041",0.71,"7,278,000"
1426308,1038977,1411199,－961576,4987962,情報・通信,9984,ソフトバンクグループ(株),"11,388,724",0.67,"661,000"
